[{"color":"#5cb722","name":"ASD"},{"color":"#3f51b5","name":"View 2"},{"color":"#e92467","name":"Design"},{"color":"#e1a92a","name":"Control 2"},{"color":"#3367d6","name":"Looping"},{"color":"#00836c","name":"String"},{"color":"#021B5B","name":"Encryption"},{"color":"#ff5522","name":"Pattern"},{"color":"#00386c","name":"JSON"},{"color":"#ee7d16","name":"HashMap"},{"color":"#cc5b22","name":"Lists"},{"color":"#795548","name":"Swipe"},{"color":"#3F87FF","name":"ATPHBlocks"},{"color":"#FF0E00","name":"ATPH BottomNavigation"},{"color":"#FF5B98","name":"ATPH Base64"},{"color":"#12483C","name":"Custom Dialog"},{"color":"#683367","name":"TypeWritter"},{"color":"#E02C2F","name":"AES Block by ATPH"},{"color":"#C1BA00","name":"ATPH GridView"},{"color":"#71B3BA","name":"ATPH QR"},{"color":"#8C3A3A","name":"Activity font"},{"color":"#C50067","name":"Material Input"},{"color":"#156912","name":"Notification Styles"},{"color":"#324D75","name":"CAPH Floatview"},{"color":"#FF5240","name":"CaPH Premium Float"},{"color":"#2E3F90","name":"CAPH Counter Remod"},{"color":"#2B903B","name":"Alpha HUD"},{"color":"#FF5C50","name":"Du"},{"color":"#FF665F","name":"KProgressHUD"},{"color":"#5900F4","name":"FloatNavBar"},{"color":"#7B7B7B","name":"IOSDialog Pro"},{"color":"#666CAC","name":"Pretty Dialog"},{"color":"#974058","name":"BottomSheet"},{"color":"#A2A41F","name":"WebView"},{"color":"#FF8000FF","name":"Neomorphic"},{"color":"#FF0000FF","name":"ProtectApp"},{"color":"#BDAD43","name":"SweetAlertDialog"},{"color":"#D09260","name":"Tasty toast"},{"color":"#B65DA0","name":"Style Dialog"},{"color":"#9E977C","name":"Snow"},{"color":"#AA6255","name":"MD5 Hash"},{"color":"#739E86","name":"Gnarly Dialog"},{"color":"#98657F","name":"TransAnim"},{"color":"#52629C","name":"AVIndicator"},{"color":"#766633","name":"Zip4Java"},{"color":"#968133","name":"New Glide"},{"color":"#108920","name":"AutoUpdate"},{"color":"#5C831C","name":"Material Showcase"},{"color":"#3B5D13","name":"Pacman"},{"color":"#186633","name":"Sloth"},{"color":"#6751AC","name":"New Pallete"},{"color":"#3891B0","name":"ParticleView"},{"color":"#A8426A","name":"Aditya BProg"},{"color":"#935B4D","name":"Shimmer Text"},{"color":"#75768B","name":"Rainbow Text"},{"color":"#AA5350","name":"ClickAnim"},{"color":"#1C4465","name":"Listview NeoMorph"},{"color":"#61931F","name":"Wallpaper"},{"color":"#397CA9","name":"Execute"},{"color":"#2D4858","name":"Tejj Notif"},{"color":"#856D48","name":"Premium AutoInject"},{"color":"#4B6979","name":"Worst Block"},{"color":"#7E493E","name":"CyberAlpha IOS Dialog"},{"color":"#848B38","name":"Suke Switch"},{"color":"#3D686E","name":"BSeek"},{"color":"#74469B","name":"Dialog Font"},{"color":"#4A3F94","name":"CyberAlpha AutoInject Collection"},{"color":"#3BBB6E","name":"HUD Copyer"},{"color":"#444444","name":"DarkMode IOS"},{"color":"#5C6485","name":"Radii by CyberAlpha"},{"color":"#50A0AB","name":"CyberVega"},{"color":"#689322","name":"String Decoy"},{"color":"#726F4A","name":"iStack LayoutManager"},{"color":"#3F691C","name":"Carousel"},{"color":"#5E193C","name":"TabLayout by Ark"},{"color":"#185054","name":"FragBlock"},{"color":"#3C3458","name":"MyRate"},{"color":"#843C57","name":"SquareProgress"},{"color":"#365071","name":"ListviewAnimator"},{"color":"#429662","name":"Blur Pro"},{"color":"#7A724E","name":"Picasso Pro"},{"color":"#597DBB","name":"Tool Tip"},{"color":"#A6333E","name":"String Decoy User"},{"color":"#3D3D3D","name":"Gradient Text"},{"color":"#9082B0","name":"El Neomorph"},{"color":"#854933","name":"Matrix v1.0"},{"color":"#423757","name":"Cyber Float"},{"color":"#5577C7","name":"SP God"},{"color":"#954687","name":"Dialog Fragment"},{"color":"#903156","name":"AutoFlipper"},{"color":"#322559","name":"Slider"},{"color":"#4E3656","name":"Daliri Gaming"},{"color":"#FF64B5F6","name":"WiFi/Data"},{"color":"#3E5E5A","name":"Blur Pro"},{"color":"#1F2540","name":"Install Data"},{"color":"#9F6A32","name":"SAF"}]